time,cable_length,apparent_wind,airfoil_vel
0,400,31.1405883787163,27.8726041112953
0.2,400.367509944411,28.4625075795981,24.7792297759485
0.4,400.826761332583,26.9512140664983,23.0774631443031
0.6,401.285851958608,26.3596632310408,22.4103724388312
0.8,401.74475455012,26.13154476691,22.1513264362541
1,402.203431431793,26.0616366178644,22.0783929790924
1.2,402.661836704712,26.0638879607136,22.1026042430467
1.4,403.119916448068,26.1028608259242,22.1903789189561
1.6,403.577608377949,26.1652051096402,22.3323027037195
1.8,404.034841451056,26.2473741286577,22.5299656892327
2,404.491535682428,26.3502683908735,22.7902525743856
2.2,404.947602437439,26.4768349991643,23.1226462333877
2.4,405.402945534224,26.6281291339334,23.5347645923935
2.6,405.857463680594,26.8054054797486,24.0336448545065
2.8,406.311054715668,27.0138842906065,24.6284071143907
3,406.763622035455,27.2556214027237,25.3214565031731
3.2,407.21508372412,27.5231261415449,26.1002563229256
3.4,407.665384459054,27.811978054782,26.948769629734
3.6,408.114508817207,28.1157797829628,27.842363530974
3.8,408.562494019808,28.4162314875267,28.7389655296702
4,409.009439729301,28.6991616149614,29.5979077317194
4.2,409.455511632221,28.9519172260325,30.3806473044692
4.4,409.900937095733,29.1595347993546,31.0493162193509
4.6,410.345992954135,29.3056214747648,31.5688935097158
4.8,410.790986595273,29.3833920182214,31.9190407474812
5,411.236232702849,29.3882855065953,32.086733708714
5.2,411.682028878975,29.3189500908819,32.0675652389327
5.4,412.128633391344,29.1788278387206,31.8678716294029
5.6,412.57624814525,28.9763431260878,31.5050827024777
5.8,413.025009196909,28.7202161154104,31.0022439339789
6,413.474985563791,28.4283515611272,30.3954709762065
6.2,413.926185665404,28.1203607965639,29.7240024926263
6.4,414.378568924531,27.81036910997,29.0207552362241
6.6,414.832059336617,27.508552072677,28.3124359421319
6.8,415.286558684574,27.2302655893239,27.6278936121789
7,415.741957995801,26.9790550959668,26.9806893370555
7.2,416.198146092752,26.7575370316492,26.3804757547478
7.4,416.655015517854,26.5706230225155,25.8366490788096
7.6,417.11246626623,26.4152583470046,25.3484921856937
7.8,417.570407621553,26.2867438724417,24.9121378781401
8,418.028758766826,26.185003602151,24.5273433779343
8.2,418.487448651206,26.1073521905266,24.1904962512421
8.4,418.946415320512,26.0501405822839,23.8965726294516
8.6,419.405604963072,26.0083435264904,23.6389250482817
8.8,419.864970830844,25.9776324542181,23.4115559790359
9,420.324472145967,25.9566443467383,23.2115417716255
9.2,420.784073043692,25.9435248394818,23.0355748017369
9.4,421.243741555566,25.9364502093596,22.8805517827252
9.6,421.703448647363,25.9338726045817,22.743864834457
9.8,422.163167314583,25.9346035813748,22.6235163226935
10,422.622871733755,25.937187386925,22.5118549921703
10.2,423.082536622928,25.9398394790379,22.4204292012564
10.4,423.542136228812,25.9483455614117,22.3483657585577
10.6,424.001643410342,25.9590155951591,22.2886007510775
10.8,424.461029174475,25.9717239287093,22.2435826121568
11,424.920261938899,25.9874353845201,22.2159097679227
11.2,425.379306794315,26.0074359550728,22.2085230796992
11.4,425.838124780365,26.033229532319,22.2249089827111
11.6,426.296672180602,26.066566910593,22.2692497644289
11.8,426.754899852206,26.1093228271423,22.3463660136449
12,427.212752628831,26.1616933639791,22.459917709644
12.2,427.670168874366,26.226700578277,22.6170219109915
12.4,428.127080234252,26.3079657715801,22.8259591920992
12.6,428.583411713731,26.4089671734149,23.0953061669525
12.8,429.039082288299,26.5331534497674,23.4338042444442
13,429.494006303192,26.6837504647527,23.8497122101792
13.2,429.948096005671,26.8590366969604,24.3452655948058
13.4,430.401265682979,27.0607942489772,24.9242009811652
13.6,430.853437529605,27.2910581685992,25.5873598440542
13.8,431.304549324417,27.5470229462567,26.3263815274471
14,431.754563865707,27.8176249988209,27.1193872366589
14.2,432.203479349694,28.0977915627398,27.9455766187985
14.4,432.651338762141,28.3782760048731,28.77617134464
14.6,433.098236675449,28.6410067921412,29.5714519451219
14.8,433.544321781801,28.8747304336424,30.2988216443043
15,433.989793560507,29.0695021973471,30.9291738481421
15.2,434.434893074144,29.2148290060431,31.4359650924496
15.4,434.879888838169,29.3017583566629,31.797750011577
15.6,435.325059208378,29.3239566273523,31.9995247646309
15.8,435.770673258574,29.2785032068359,32.0339210434831
16,436.216972443143,29.1665698158049,31.9024179989089
16.2,436.66415541003,28.9938149188147,31.6160753656402
16.4,437.112367976881,28.7702000719115,31.1950887639161
16.6,437.561699396672,28.509062704512,30.6668232086622
16.8,438.012184787223,28.2251742841684,30.0622324238081
17,438.463812369015,27.9271881416528,29.4064554282064
17.2,438.916533418243,27.6310523357491,28.7310031135772
17.4,439.370273287208,27.3501224986742,28.0625699739543
17.6,439.824941666409,27.086524629728,27.4138802748031
17.8,440.280440927585,26.8485998353581,26.8013903868594
18,440.736672596215,26.641306218766,26.2356969413716
18.2,441.19354182125,26.460143356963,25.7158045081552
18.4,441.65096003817,26.3066925329288,25.2453221494452
18.6,442.108846457393,26.1811204430174,24.8251927794862
18.8,442.567128622862,26.0806664492065,24.4525079429717
19,443.025742291694,25.9987790795856,24.1199113579841
19.2,443.48463090985,25.9341556882218,23.8250282866451
19.4,443.943744917188,25.8850771200807,23.5648474243434
19.6,444.403040939064,25.8491064287729,23.3355391367844
19.8,444.862480928016,25.8237469042464,23.133219885832
20,445.322031311136,25.8067219168379,22.9543050945714
20.2,445.781662170406,25.7960837286327,22.7956679999896
20.4,446.241346467128,25.7902437737351,22.6547043872716
20.6,446.701059312485,25.7879672679528,22.529351333924
20.8,447.160777281235,25.7883527592235,22.4180843108116
21,447.620477771685,25.7896162546085,22.3103881893242
21.2,448.080138572828,25.791562643275,22.2278032274763
21.4,448.539736934762,25.7990105653378,22.1595984567197
21.6,448.999248957128,25.8082187026854,22.1019982169556
21.8,449.45864924239,25.8191276243107,22.057238899723
22,449.917910320113,25.832585338441,22.0275401454754
22.2,450.377002076481,25.849665535637,22.0153023388962
22.4,450.835891194587,25.8715844953458,22.0233001684453
22.6,451.294540606751,25.8997317360761,22.0548177900645
22.8,451.752908966718,25.9357087599582,22.1137438613786
23,452.210950159047,25.981358785763,22.2046420075225
23.2,452.668612875829,26.0387857237375,22.3327981341816
23.4,453.125840308659,26.1103590835181,22.504231343006
23.6,453.582570028569,26.1986129515325,22.7255550552259
23.8,454.038734170475,26.3031488470415,23.0007018208948
24,454.494260125084,26.4269335681327,23.3370904031838
24.2,454.94907184468,26.5739034807693,23.7428360802139
24.4,455.4030919811,26.7468086893022,24.2239820495923
24.6,455.856245167935,26.9459755140618,24.7824685574094
24.8,456.308462739702,27.1664132995361,25.412208241526
25,456.7596890113,27.4087565374913,26.1093366995449
25.2,457.209888627191,27.6702485630365,26.8625817527869
25.4,457.659054595115,27.9390479433549,27.6473782052643
25.6,458.107216197175,28.2065124196597,28.4389507142949
25.8,458.55444507509,28.4650188779233,29.2116695047091
26,459.000858145728,28.7028804188999,29.9354765172607
26.2,459.446616597631,28.9049554596255,30.5778608529186
26.4,459.891920439263,29.0645971627993,31.1171946326604
26.6,460.336998721381,29.1748678541749,31.5343351679052
26.8,460.782096565371,29.2296523912506,31.813927333853
27,461.227460283118,29.224971214476,31.9459714311756
27.2,461.673322103135,29.1597515892373,31.9269875210135
27.4,462.11988620442,29.036347415024,31.7609444569453
27.6,462.567317721858,28.8607262462959,31.4595918256668
27.8,463.015736019234,28.6421616786524,31.041781556587
28,463.465212811043,28.390105456865,30.5293577526697
28.2,463.91577474185,28.1136258171245,29.9453590862821
28.4,464.367409441,27.8287517233306,29.3201130462875
28.6,464.820073820551,27.5475558265007,28.6789025512223
28.8,465.27370284148,27.2735222917391,28.0365856755334
29,465.728217552415,27.0173915092451,27.4133417048152
29.2,466.183532072738,26.7854375662498,26.8226246390595
29.4,466.639558971579,26.5751380987075,26.2670117338539
29.6,467.096213000851,26.3908439674148,25.7543892233314
29.8,467.553413653234,26.2341991845575,25.2884868114761
30,468.011086637416,26.1005900595234,24.8655994486962
30.2,468.469164484062,25.9876204828443,24.4834999343165
30.4,468.927586648685,25.8953226561558,24.141855983405
30.6,469.386299287516,25.8218513841585,23.8380341899644
30.8,469.845254779659,25.7646986146692,23.5684876937213
31,470.30441111618,25.7207558372483,23.3289317811595
31.2,470.763731230147,25.6858751615445,23.1139809100756
31.4,471.223182317089,25.6592254086234,22.9216688825147
31.6,471.682735183859,25.6397386596909,22.7498528621455
31.8,472.142363620443,25.6261490132959,22.59628437795
32,472.602043800528,25.6172663182416,22.4589140655887
32.2,473.061753715366,25.6120869604448,22.3360232120775
32.4,473.521472640026,25.6098313235101,22.2262755017032
32.6,473.98118062941,25.6096542069365,22.1252950604356
32.8,474.440858150113,25.6083096073296,22.0331313681102
33,474.900485565222,25.6133529694544,21.9649953082068
33.2,475.360042351345,25.6211131144901,21.9055235961159
33.4,475.819506960829,25.6305324344438,21.8567320454164
33.6,476.27885639953,25.6421235139606,21.8205144927058
33.8,476.738065782379,25.6567326930081,21.7987655635107
34,477.197107897726,25.675317383947,21.7935718951436
34.2,477.655952778558,25.6989470450855,21.8073512019311
34.4,478.114567281575,25.7288376342428,21.8429461936564
34.6,478.572914680223,25.7663820026015,21.9036925641168
34.8,479.030954285753,25.8117814395078,21.9920468482869
35,479.488641134806,25.8661083758123,22.1117112273555
35.2,479.945925762009,25.9321540739466,22.2685120020925
35.4,480.402754085161,26.0124315728853,22.4683360090245
35.6,480.859067491656,26.1094071803895,22.7172991847368
35.8,481.31480322451,26.2255436221914,23.0216512144785
36,481.76989519582,26.3628181700985,23.3870434312499
36.2,482.224275414676,26.5190429402188,23.8143805744849
36.4,482.677876278429,26.6969307086146,24.3084895260922
36.6,483.130633724489,26.8985376267294,24.8718913429714
36.8,483.582491398681,27.1230017563719,25.5018016845755
37,484.033405956325,27.3623950933273,26.1852326091873
37.2,484.483353339009,27.6146862653304,26.9118188151388
37.4,484.932335168179,27.8754264860821,27.6656636648497
37.6,485.38038461883,28.1328106317379,28.4208976357097
37.8,485.827571003984,28.3767234040999,29.151851181794
38,486.274001825431,28.6007567187506,29.8365630412277
38.2,486.719821570085,28.7963395911191,30.4518816068047
38.4,487.165207235142,28.9537545027944,30.9751943837775
38.6,487.610360750231,29.0638145829746,31.3865174884042
38.8,488.055498817751,29.1235273197012,31.6746014647834
39,488.500841102936,29.1301543244661,31.8310270698653
39.2,488.946597978952,29.082574924012,31.8518530116255
39.4,489.392959016803,28.9821555603943,31.7388282353602
39.6,489.84008342863,28.8330633578308,31.499899679417
39.8,490.288093483748,28.6387920693003,31.1455135025137
40,490.737071432238,28.4083937417755,30.6944865927581
40.2,491.187060113703,28.1540339208175,30.1705490980209
40.4,491.638066733041,27.8874251483328,29.5976148959243
40.6,492.090068707483,27.6142206779719,28.9931116459807
40.8,492.54302037906,27.3435122616082,28.3769703111426
41,492.996859892434,27.0861711447211,27.7693569771668
41.2,493.451515522462,26.8442247281786,27.1797017832298
41.4,493.906910771516,26.6205801557913,26.6166804807992
41.6,494.362968352346,26.420953840215,26.0902428455986
41.8,494.819613138076,26.2444778534248,25.602298578061
42,495.276774022419,26.0882323558301,25.1516121010612
42.2,495.734385008519,25.9543596205571,24.7412340339528
42.4,496.192385793979,25.842341253433,24.3708448888126
42.6,496.650721896857,25.7491670538106,24.0371111437436
42.8,497.109344464994,25.6701979106961,23.7347173002817
43,497.568209909106,25.6053174042839,23.4627566178233
43.2,498.027279468427,25.5533686512053,23.2191343242134
43.4,498.486518711569,25.5126511374986,23.0011450848222
43.6,498.945897010041,25.4813724501531,22.805987900591
43.8,499.40538701408,25.457848411777,22.6310101820765
44,499.864964146,25.4405871233953,22.4738224168614
44.2,500.324606118098,25.428318371316,22.3323489571608
44.4,500.784292477353,25.4199971471087,22.2048465606805
44.6,501.244004176368,25.4147952067842,22.089906677517
44.8,501.703723168405,25.4120662891645,21.9864279955841
45,502.163432024003,25.4109966965567,21.8907828251437
45.2,502.62317568686,25.4741048336117,21.8399919626897
45.4,503.09048739689,25.8531770108441,22.0687285900222
45.6,503.568730561519,25.9535924188593,21.964386649119
45.8,504.021286669496,26.0664395788192,21.8030732064575
46,504.41716833811,26.3469913349533,21.7924928412098
46.2,504.741937253609,26.6597919016609,21.8147811772191
46.4,504.984331770131,26.9484914054522,21.8147337490813
46.6,505.134113031482,27.2087001597587,21.7923871879253
46.8,505.183228188868,27.430469867996,21.7427428725488
47,505.126007914056,27.601388010956,21.6520289985429
47.2,504.959044051029,27.7106077794282,21.4959027892521
47.4,504.680930709037,27.7497717106984,21.2655564984763
47.6,504.292489287053,27.7114762014219,20.9568651589651
47.8,503.796814297187,27.5906528951388,20.5679403795744
48,503.19925802031,27.3822603370095,20.0961100151899
48.2,502.507404843503,27.0833499858725,19.5406489228448
48.4,501.731054472896,26.6906751241933,18.9001149638517
48.6,500.88218149909,26.20090029449,18.1726638874029
48.8,499.974917891978,25.6110815160811,17.3567349559835
49,499.025539180477,24.9182394905255,16.450624541919
49.2,498.052457872723,24.1193646783809,15.4525780242009
49.4,497.076227476085,23.2108553237111,14.3602054103177
49.6,496.119560727018,22.1884963319834,13.1705987707243
49.8,495.206150972996,21.0712637939608,11.8970287988895
50,494.331587837141,20.1420719526136,10.7903103695874
50.2,493.466886065866,19.4882663067212,9.96023008787461
50.4,492.590343692724,19.0457673346874,9.35120561687579
50.6,491.686113016203,18.7615166685521,8.91464624286247
50.8,490.742531371852,18.5962679895836,8.61407490218101
51,489.753095019489,18.6949715611527,8.64420577578138
51.2,488.721098066495,18.9483646699793,8.87672885971088
51.4,487.651840543589,19.1943031755029,9.10889291018326
51.6,486.54997983565,19.4117210406769,9.313577635944
51.8,485.419635968959,19.6007859431341,9.49008812291425
52,484.264385119668,19.7637380359981,9.64028818066752
52.2,483.087291285965,19.9040510950293,9.7676538209962
52.4,481.890971656368,20.0249967641243,9.87551560676502
52.6,480.677656799302,20.1294331927362,9.96679091849977
52.8,479.449244142511,20.2198180158872,10.0439889675337
53,478.207357163963,20.2987761847873,10.1099090721028
53.2,476.9534115948,20.367630888124,10.1658503229548
53.4,475.688612165679,20.4275170853752,10.2128936723779
53.6,474.413972988458,20.4797500205046,10.2523703836779
53.8,473.130345555437,20.5255105469041,10.2854863398032
54,471.838443452106,20.5658099074595,10.3132760058161
54.2,470.538863561121,20.6015048368049,10.3366160791314
54.4,469.232104117251,20.6333191093866,10.356247242701
54.6,467.918580036062,20.6618635520414,10.3727946118294
54.8,466.598635906088,20.6876533846639,10.3867854864518
55,465.272556986918,20.7111230108024,10.398664495342
55.2,463.940578509788,20.7326385759682,10.4088064525603
55.4,462.602893536041,20.7525086098788,10.4175272502044
55.6,461.259659592271,20.7709930339252,10.4250930762845
55.8,459.911004269191,20.7883107777795,10.4317282080757
56,458.557029943599,20.8046462148934,10.4376215960996
56.2,457.197817759,20.8201545964854,10.4429324228583
56.4,455.833430979978,20.834966637342,10.4477947934399
56.6,454.463917851647,20.8491997189337,10.4523301125255
56.8,453.089320821625,20.8631570443518,10.4568802038744
57,451.70968697888,20.8766929611228,10.4612799382576
57.2,450.325054643121,20.8897481389323,10.4654546451327
57.4,448.935451374611,20.9023731864349,10.4694535800665
57.6,447.540895302318,20.9146316895547,10.4733416508145
57.8,446.141396566744,20.9265813649833,10.4771782689503
58,444.736958597262,20.9382714798387,10.4810143229683
58.2,443.327579195632,20.9497434813626,10.4848927400151
58.4,441.913251445511,20.9610321130527,10.4888496087245
58.6,440.493964473781,20.9721664733138,10.4929152570387
58.8,439.069704087244,20.9831709279724,10.4971151838936
59,437.640453304859,20.9940658797737,10.5014708456323
59.2,436.206192802467,21.0048684137663,10.5060003158821
59.4,434.76690128426,21.0155928378408,10.5107188383991
59.6,433.3225557929,21.0262511352841,10.5156392900344
59.8,431.873131968284,21.0368533436206,10.5207725683748
60,430.418604263308,21.0474078717302,10.5261279162935
60.2,428.958946123641,21.0579217652872,10.5317131936727
60.4,427.494130137359,21.0684009289357,10.537535104897
60.6,426.024128159346,21.0788503122452,10.5435993893226
60.8,424.548911414577,21.0892740653487,10.5499109807562
61,423.068450583704,21.0996756691992,10.5564741409952
61.2,421.582715873837,21.1100580445828,10.5632925716613
61.4,420.091677076913,21.1204236433482,10.5703695078682
61.6,418.595303617674,21.1307745247508,10.5777077966898
61.8,417.09356598762,21.141202492223,10.5854039574745
62,415.586448289381,21.1517466903174,10.5935008709744
62.2,414.073941895382,21.1621866887864,10.6017704369327
62.4,412.556035632405,21.1724837342228,10.6101727735208
62.6,411.032715118396,21.1826476568781,10.6187183338446
62.8,409.503963041887,21.1926964269096,10.6274260621182
63,407.969759573016,21.2026472819702,10.6363142267121
63.2,406.43008274647,21.2125151061323,10.6453987403316
63.4,404.884908789077,21.2223124189456,10.6546931405215
63.6,403.334212393907,21.232049676773,10.6642088930583
63.8,401.777966948081,21.2417355956126,10.6739557188962
64,400.216144721624,21.2513774365583,10.6839418839091
64.2,398.648717023747,21.2609812473669,10.6941744444411
64.4,397.075654331991,21.2705520645173,10.7046594529545
64.6,395.496926398717,21.2800940816862,10.7154021296955
64.8,393.912502338732,21.2896107900964,10.7264070058681
65,392.322350701184,21.2991050954025,10.7376780430251
65.2,390.72643952832,21.3085794150251,10.7492187326368
65.4,389.124736403311,21.3180357591998,10.7610321791467
65.6,387.517208488929,21.3274757984597,10.7731211692763
65.8,385.903822558596,21.336900919819,10.7854882298809
66,384.284545021061,21.3463122735425,10.7981356762758
66.2,382.659341939741,21.3557108120763,10.8110656526305
66.4,381.028180299227,21.3651672602106,10.8243453259746
66.6,379.391039739393,21.3747090601963,10.8379954494842
66.8,377.747906949745,21.3841477796213,10.851836529866
67,376.098766228645,21.3934484849684,10.8658374801754
67.2,374.443598755036,21.402620075699,10.8800091805408
67.4,372.782382818814,21.4116793116814,10.8943699043669
67.6,371.115094201646,21.4206424052486,10.9089372816689
67.8,369.441706538732,21.4295233634434,10.9237267388561
68,367.762191629158,21.4383339300694,10.9387514667074
68.2,366.076519694773,21.4470838634709,10.9540227058457
68.4,364.384659594168,21.4557812474313,10.9695500608804
68.6,362.686578998856,21.4644327688906,10.9853417803445
68.8,360.982244537903,21.4730439531719,11.0014049939022
69,359.271621916354,21.4816193602693,11.0177459105383
69.2,357.554676011857,21.4901627479292,11.0343699834847
69.4,355.831370953179,21.4986772069606,11.0512820473272
69.6,354.101670183651,21.5071652734519,11.0684864319815
69.8,352.365536512081,21.5156290218154,11.0859870574743
70,350.622932153226,21.5240701419211,11.103787512807
70.2,348.873818759568,21.5324900030289,11.1218911216278
70.4,347.118157445826,21.5408897067653,11.140300996972
70.6,345.355911525348,21.5493373505678,11.1590732313774
70.8,343.587056303887,21.5577671207385,11.1781422784139
71,341.811569368543,21.5660793492047,11.1974233141959
71.2,340.02942562933,21.5742651384133,11.2169127790966
71.4,338.240597141536,21.5823362526327,11.2366253082924
71.6,336.445053374539,21.5903072759739,11.2565777972177
71.8,334.642761538705,21.5981914715457,11.276785755799
72,332.833686880806,21.6060000742381,11.2972627268406
72.2,331.017792933032,21.6137424005342,11.3180204260952
72.4,329.195041718402,21.6214261166585,11.3390690168435
72.6,327.36539391872,21.629057505514,11.3604173778251
72.8,325.528809011151,21.6366416988941,11.3820733355946
73,323.685245378704,21.6441828723821,11.4040438597753
73.2,321.834660399022,21.6516844071976,11.4263352256611
73.4,319.977010515158,21.6591490241437,11.4489531493172
73.6,318.112251291389,21.6665788943296,11.4719028998209
73.8,316.240337456549,21.6739757306407,11.4951893925789
74,314.361222936981,21.6813408632668,11.5188172670093
74.2,312.474860880806,21.6886753020329,11.5427909513143
74.4,310.581206031108,21.6959814145413,11.567108530784
74.6,308.680221377776,21.7032051051663,11.5917210077352
74.8,306.771870225716,21.7103192614941,11.6166118485259
75,304.85611341232,21.7173281602538,11.6417905779898
75.2,302.932909400044,21.7242420742822,11.6672714790116
75.4,301.002214504905,21.7310711133804,11.6930684969481
75.6,299.072860951391,21.5301663493194,11.5031728042171
75.8,297.221759386464,21.1768093851333,11.4888427768832
76,295.467015321091,20.9343902184294,12.1542497285246
76.2,293.809111171225,20.7681727135156,13.4312818724341
76.4,292.24858141179,20.6735589430965,15.1623956787751
76.6,290.785958408957,20.6479279849402,17.1463208111201
76.8,289.421653245358,20.6877571441376,19.1948263857104
77,288.155808889021,20.7873874092158,21.1606522893273
77.2,286.988197724454,20.9483938890191,22.8230650982562
77.4,285.918260610087,21.1407197898095,24.101496680171
77.6,284.945263400194,21.3549543179767,25.0953002997669
77.8,284.06843890401,21.5972695344559,25.8950346304091
78,283.287080688848,21.8726958307056,26.5673799970717
78.2,282.600589338864,22.1833282305659,27.1583276887062
78.4,282.008484978455,22.5283759387197,27.697898571139
78.6,281.510400169527,22.9046463027049,28.2043915140589
78.8,281.10606339356,23.3068493443378,28.6875044969671
79,280.79527941783,23.7279782270729,29.150772847539
79.2,280.577910011259,24.1562237089134,29.5897783851152
79.4,280.453856704415,24.5764841633069,29.9948580555917
79.6,280.423046285434,24.9673904727303,30.3487672024284
79.8,280.485419190839,25.3013829374212,30.627351066261
80,280.640920689705,25.5434393029942,30.7986405317301
80.2,280.889494633107,25.6513555716996,30.8234445766966
80.4,281.231079482325,25.5774536271375,30.6573247913119
80.6,281.659093110898,25.4049867783794,30.3341267011177
80.8,282.105088917315,25.9704219540942,30.6730811086057
81,282.550891360705,26.7225131494036,31.1962856857669
81.2,282.996467409957,27.2302329127471,31.4657603930853
81.4,283.441785677053,27.5134134605112,31.5035171577498
81.6,283.886816281408,27.8107528715922,31.5537368454092
81.8,284.331528130356,28.0919820977452,31.5870364542293
82,284.775889973796,28.3456654539395,31.5973077914002
82.2,285.219874828527,28.5684052699802,31.5921601640592
82.4,285.66346884421,28.7609276481325,31.5897233169474
82.6,286.106685763543,28.9268096225373,31.6148700803839
82.8,286.549586442817,29.0707944540846,31.6897098316565
83,286.992299731945,29.1951367040467,31.8189787925893
83.2,287.435037703066,29.2948903673813,31.9779865741102
83.4,287.87809673324,29.3553994832564,32.1117692412229
83.6,288.321837624917,29.3547381848837,32.1475560299108
83.8,288.766643395756,29.2709743736583,32.0158358212821
84,289.212862088837,29.091533731789,31.6724317561151
84.2,289.66075063381,28.8205643806806,31.1133519151836
84.4,290.110438384019,28.4804140512908,30.3758902965293
84.6,290.56192151292,28.1051788687066,29.5246999456271
84.8,291.015085669469,27.7242292575111,28.625033435711
85,291.469743787107,27.3729491146549,27.7452212674198
85.2,291.92567517678,27.0689232980784,26.9279906520615
85.4,292.382655943816,26.8210438363912,26.1988121269845
85.6,292.840478215367,26.6344635703267,25.5718596890928
85.8,293.298959670209,26.4985909950804,25.0397792872354
86,293.757946024634,26.4079685244786,24.5966882066479
86.2,294.217309590928,26.3549706412939,24.2323039316938
86.4,294.676945772769,26.3303289202751,23.9336479170063
86.6,295.136768727237,26.325364056803,23.688122640737
86.8,295.596706910994,26.332592927522,23.4846706684559
87,296.056698818179,26.3461023308668,23.3145159855918
87.2,296.516689001834,26.3631907208314,23.1708197684482
87.4,296.976624573873,26.3798738173096,23.0520153176663
87.6,297.436451539859,26.4022303197788,22.9690059094867
87.8,297.896110798595,26.426916130623,22.9120957979463
88,298.355535384564,26.4540989866253,22.8870149472798
88.2,298.814647224188,26.4875252029278,22.903263771735
88.4,299.273353936151,26.5320518820435,22.9729055168859
88.6,299.731545910553,26.5935871737484,23.1110203790531
88.8,300.189094029187,26.6792145148012,23.3360043572811
89,300.645848703409,26.7971503347928,23.6692749402691
89.2,301.101641401731,26.9562281722914,24.1336837526116
89.4,301.556290537123,27.1594270276886,24.7444444588627
89.6,302.009614389686,27.4128056602676,25.5137778366093
89.8,302.461453242438,27.7190632782889,26.4387113257155
90,302.911701479277,28.0643049547152,27.4825018080598
90.2,303.360346749915,28.4282174204555,28.5838102175913
90.4,303.807506214187,28.7864157478708,29.6649908254843
90.6,304.25344628016,29.0999433214097,30.6315834467179
90.8,304.698575214532,29.3400062879612,31.4071074882246
91,305.143405350529,29.4825237955198,31.9325484235703
91.2,305.588492287387,29.5094550661245,32.1684882815422
91.4,306.034364115023,29.4134711489512,32.1003191712473
91.6,306.481455768624,29.2013403462598,31.7430840838968
91.8,306.93006329095,28.8950387918322,31.1427061474158
92,307.380327935799,28.5286454165504,30.3691241961392
92.2,307.832250314042,28.134108248338,29.4949079964945
92.4,308.285724717915,27.747632388532,28.5946166884595
92.6,308.740580388442,27.3972632178516,27.7272881544198
92.8,309.19661823117,27.093987272764,26.9259286587408
93,309.653637312939,26.8503156831942,26.2168202079379
93.2,310.111451118347,26.6605016582739,25.6011821989352
93.4,310.56989520024,26.5209791121211,25.0777582645969
93.6,311.028829324788,26.4266468839172,24.640652966241
93.8,311.488136341274,26.3687660042418,24.2785143936201
94,311.947719315348,26.3354938514084,23.9760146648379
94.2,312.407497994581,26.3204890210873,23.7232472233593
94.4,312.867405197007,26.3187343362605,23.5118953512908
94.6,313.327383328997,26.3256628379555,23.3346245809319
94.8,313.787381112375,26.3377816461028,23.1859106422537
95,314.247350572925,26.3507217155437,23.0513455155107
95.2,314.707244491821,26.3672213655876,22.9590365818416
95.4,315.167012857955,26.3876343860697,22.8878208910069
95.6,315.626600507127,26.4105497111329,22.8424870401936
95.8,316.085944731915,26.43802218412,22.829623193562
96,316.54497267864,26.4734027237533,22.8576824603273
96.2,317.003598841391,26.5209747990603,22.9373889368861
96.4,317.46172281005,26.5836383645134,23.079699948502
96.6,317.919227605965,26.666981259232,23.3000343351521
96.8,318.375979095493,26.7790846759226,23.6178460526956
97,318.831827314593,26.9279560578809,24.0531743047932
97.2,319.286611079972,27.1210892736689,24.624334613902
97.4,319.740167701729,27.3590839080681,25.3381781533102
97.6,320.192349888508,27.6413877668197,26.1913602223544
97.8,320.64305047592,27.9655513890295,27.1654345170343
98,321.092233017365,28.3122593010605,28.2098833229103
98.2,321.539962948858,28.6581737650125,29.2578795946187
98.4,321.986429320824,28.9798514885672,30.2378340944431
98.6,322.431947582599,29.2448529223708,31.0724605554397
98.8,322.876939252449,29.4281715761751,31.7009061296293
99,323.321890285189,29.5136133143689,32.0822086890347
99.2,323.767296170531,29.4903415281024,32.1919862426857
99.4,324.213604560997,29.3571419922588,32.0276358895549
99.6,324.661166776811,29.1248767528432,31.6119371872033
99.8,325.110208284821,28.8162727935978,30.99202609809
100,325.560823364387,28.4560406836711,30.2254529395591
100.2,326.012991530066,28.07831184755,29.3819232844246
100.4,326.466607730293,27.7145881444875,28.5254330393026
100.6,326.921515856396,27.3797805095822,27.6968939131627
100.8,327.377537537311,27.0925103679761,26.9336384593115
101,327.83449332572,26.8554288665111,26.2500269663272
101.2,328.292215613625,26.6672405790444,25.651036054469
101.4,328.750555126937,26.5276536983293,25.1386661829668
101.6,329.209383069989,26.428961084796,24.7047528791424
101.8,329.668590450428,26.3606538475535,24.3367125037801
102,330.128085974648,26.3181507318351,24.0271680671531
102.2,330.587793367795,26.2957010696177,23.7672781444719
102.4,331.047648486944,26.2876840954892,23.5484315878804
102.6,331.507596480218,26.2893534402875,23.3632562257803
102.8,331.967589103691,26.2970697074636,23.2060243845414
103,332.427582218802,26.3082770240101,23.0718873029836
103.2,332.887533581193,26.3187935999161,22.9537215802825
103.4,333.347400661359,26.334543894986,22.8693304365339
103.6,333.807137888227,26.3526669417248,22.8046603665543
103.8,334.266695034868,26.3732249919776,22.7642557592743
104,334.726015212249,26.3983067118489,22.7539056335932
104.2,335.185032823873,26.4308534124232,22.780877471498
104.4,335.643671604436,26.4745136629399,22.8542721039534
104.6,336.101842845987,26.5336980618898,22.9853060825436
104.8,336.559444010524,26.6136311049624,23.187447768731
105,337.016358088185,26.7187212718074,23.4746298784303
105.2,337.472454356661,26.8523371254025,23.8604497648319
105.4,337.9275914636,27.0226647980752,24.3629024539385
105.6,338.381623896737,27.2359000931196,24.995299891452
105.8,338.834413319702,27.4928732634215,25.7596669588826
106,339.285845996738,27.7855509021718,26.639470831226
106.2,339.735855998617,28.1088577938247,27.6091640075121
106.4,340.184450794097,28.4457440049119,28.6194995346576
106.6,340.631733941641,28.7694000261603,29.6035537924296
106.8,341.077917384587,29.0600096927576,30.50033302632
107,341.523316970127,29.2948118616773,31.250590191764
107.2,341.968330112571,29.4493808646807,31.8012288120736
107.4,342.413398588816,29.5106369941262,32.1195874600962
107.6,342.858962719082,29.4724598219453,32.1893724382977
107.8,343.305415252909,29.3358735470921,32.011681893878
108,343.753063438838,29.1112459444038,31.6080774709911
108.2,344.202106419353,28.8136153327208,31.0150277164913
108.4,344.652631339317,28.4706513979148,30.2888571800449
108.6,345.104626697778,28.1130148460327,29.4911101800534
108.8,345.558006529834,27.7604587643958,28.6700821045936
109,346.012637381923,27.4334492670035,27.8698652343408
109.2,346.468362643712,27.147491518807,27.1234060716472
109.4,346.925021065237,26.903079317882,26.4427190404872
109.6,347.382458718264,26.7060525124188,25.840425689498
109.8,347.840535805482,26.5541078757406,25.3172280595109
110,348.299129447001,26.4378695434869,24.8641324592938
110.2,348.758133883313,26.3544927594343,24.4771348109517
110.4,349.217459313907,26.2989488499129,24.1490590012599
110.6,349.677029954503,26.2653101125586,23.871374846314
110.8,350.136781772994,26.2479626744751,23.6357891007046
111,350.596660181888,26.2421016158864,23.4349937575781
111.2,351.056617816651,26.243207063494,23.2622958314557
111.4,351.516612447667,26.2486100245265,23.1133306788095
111.6,351.97660503253,26.2570694911102,22.9846266094047
111.8,352.436558009701,26.2649651234061,22.870333587068
112,352.896433579874,26.2785744362215,22.7880703739191
112.2,353.356191466759,26.2950277868304,22.7236829006929
112.4,353.81578770494,26.3136607540882,22.6805429908007
112.6,354.27517306389,26.3353082869469,22.6625115501422
112.8,354.734291438738,26.3626879342885,22.6757315120639
113,355.193078288598,26.3988716120079,22.727535309492
113.2,355.651459182292,26.4474054758493,22.8267727857294
113.4,356.109348563821,26.5124272723422,22.9840337682152
113.6,356.566648938555,26.5987037836563,23.2116776551348
113.8,357.023250815448,26.7115571254432,23.523541239629
114,357.479033928361,26.8559619929096,23.9334270519719
114.2,357.93387053883,27.0322422346422,24.4494984176043
114.4,358.387631890692,27.2459865094208,25.0823734886148
114.6,358.84019854227,27.5001001962492,25.8345190914315
114.8,359.291475237082,27.7884552036857,26.6910696138756
115,359.741410090338,28.0988328795915,27.6209281503445
115.2,360.190015464279,28.4210704093098,28.5857820731783
115.4,360.637385741185,28.7336992328443,29.5298219871204
115.6,361.083707156881,29.0126648949499,30.3933382182317
115.8,361.52925503168,29.2415313931713,31.1279559945189
116,361.974376847489,29.4031386182442,31.6908329877281
116.2,362.419463563954,29.4833277861273,32.0492800337003
116.4,362.864913467916,29.4731704504837,32.1833565697982
116.6,363.311094220649,29.3706932112875,32.0883612124817
116.8,363.75830941435,29.1821957011851,31.7770573816726
117,364.206775538801,28.9224297982688,31.2797561797656
117.2,364.656613147156,28.6129302456767,30.6406952837987
117.4,365.107852348382,28.2777529148859,29.9102630229088
117.6,365.560448967074,27.9336075144743,29.1312849516291
117.8,366.014305746434,27.6045120948197,28.3509666362691
118,366.46929389634,27.304850401929,27.6020110804993
118.2,366.925271064217,27.0391981403477,26.9022445320158
118.4,367.382094374961,26.8166669479989,26.2695337876407
118.6,367.839628966697,26.6347891907232,25.7062979341798
118.8,368.297752512278,26.489095939776,25.2101850337507
119,368.756357022753,26.3787384213361,24.7805503355637
119.2,369.215348947091,26.2993357319983,24.4118876357784
119.4,369.674648157892,26.2444214486616,24.0958272112454
119.6,370.134186368215,26.2065311567779,23.8226336486219
119.8,370.593905334895,26.1829223569678,23.5873047333633
120,371.053755050404,26.1704776411319,23.3845611046826
120.2,371.51369197767,26.1661834185959,23.2094653249186
120.4,371.973677374214,26.1675340949276,23.0579265330021
120.6,372.433675721194,26.1726578927955,22.9268942432497
120.8,372.893653265167,26.1788426014632,22.8023204393721
121,373.353576863657,26.1871365800899,22.7149963904034
121.2,373.813412148375,26.2000830909916,22.6420519328414
121.4,374.273122314781,26.2150393404911,22.5862153213032
121.6,374.732667065774,26.2327545002764,22.5510439176269
121.8,375.192001334653,26.2549144163734,22.5407361992328
122,375.651074024962,26.2836584268598,22.560397743458
122.2,376.109826792751,26.3215540936434,22.6162887035364
122.4,376.568192912262,26.3716449177021,22.7160068456806
122.6,377.026096311341,26.4352663679257,22.8663306672173
122.8,377.483450960504,26.5159705562998,23.0772032426358
123,377.940160815512,26.6192568452291,23.3613148117145
123.2,378.396120639795,26.7502713225445,23.7313538036807
123.4,378.851218256798,26.9137954047562,24.1991878953639
123.6,379.305338908367,27.1114977566637,24.7717267359717
123.8,379.75837257616,27.3410276356519,25.4480142097789
124,380.210224823902,27.6042757392986,26.2255094205779
124.2,380.660830819041,27.8964942848549,27.0873687775629
124.4,381.110171709736,28.2010122531937,27.9964661344111
124.6,381.558290924796,28.5066867399129,28.9146178593697
124.8,382.005306071017,28.7981521260397,29.796156255639
125,382.451412976166,29.051726262203,30.58747276876
125.2,382.896879619372,29.2522951744062,31.2473317492606
125.4,383.342029373224,29.387773136278,31.7430121657263
125.6,383.787215859476,29.4476658702587,32.0492519780922
125.8,384.232793045709,29.4256090597846,32.1511394385741
126,384.679084808598,29.3209644563411,32.046424302973
126.2,385.126358596551,29.1398544126816,31.7472640368863
126.4,385.574807438763,28.8952103411329,31.2801204327165
126.6,386.024542955321,28.6050457102157,30.6824511830617
126.8,386.475599362575,28.283915421436,29.9913698226681
127,386.927945790782,27.954753115794,29.2527489759299
127.2,387.381503352781,27.6376114422886,28.5072066416579
127.4,387.836162756414,27.339502179362,27.7784824782611
127.6,388.291799419866,27.0733782083682,27.0922574107831
127.8,388.748285270548,26.8447129463632,26.4626974899239
128,389.205496734973,26.6499045367124,25.8915278121389
128.2,389.663319428586,26.4916935539408,25.3843369827338
128.4,390.121650574181,26.3684879694293,24.9404144423543
128.6,390.580399677778,26.2726980115731,24.5516614362328
128.8,391.039488080093,26.1999138748604,24.212399576425
129,391.498847950064,26.1477386049019,23.9185237367782
129.2,391.958420992784,26.1125411918387,23.6644602840516
129.4,392.41815701549,26.090599584754,23.4445210822688
129.6,392.878012482336,26.0785752263056,23.2535207860683
129.8,393.337949122871,26.0736890046488,23.087048931516
130,393.797932619342,26.0737621686815,22.9415760343568
130.2,394.257931376354,26.0771978424198,22.814480507427
130.4,394.717915369379,26.0822561074507,22.6972190385755
130.6,395.177855242045,26.0874166825585,22.6034699442987
130.8,395.637720969025,26.0978935482006,22.5291853466372
131,396.097480699254,26.1102033973194,22.4691376277268
131.2,396.557100044845,26.1245534854987,22.4262753835301
131.4,397.01654108707,26.1422179213271,22.4038988627163
131.6,397.475761386343,26.1648474104664,22.4058836820921
131.8,397.934713015947,26.1943972039264,22.4369132214876
132,398.393341636845,26.2331694059445,22.5026539883827
132.2,398.851585651701,26.2838607059265,22.6098828568423
132.4,399.30937550851,26.3495924316301,22.7665601602582
132.6,399.766633271148,26.4339084204065,22.9818091285682
132.8,400.223272641495,26.5397393606406,23.2647268640727
133,400.679199747799,26.6676531042555,23.622236433813
133.2,401.134315117691,26.8231352899118,24.0658511910301
133.4,401.588517166985,27.0104229715532,24.6044062238938
133.6,402.041707795847,27.2313396188011,25.2414505058126
133.8,402.493800615968,27.4793022047317,25.9674423036696
134,402.94473201772,27.752226070096,26.771332314457
134.2,403.394474019573,28.0446846780617,27.6321525724032
134.4,403.843047389913,28.3398807280123,28.5114956943264
134.6,404.290532835535,28.6239471929931,29.3700778837995
134.8,404.737076929265,28.8844117975668,30.1693833927563
135,405.18289058541,29.1057199857204,30.8697793975384
135.2,405.628239541222,29.27016230744,31.4331118299416
135.4,406.073427438813,29.3696644211574,31.8356258706849
135.6,406.51877345026,29.3979677662447,32.0602955634357
135.8,406.96458752873,29.3517741166645,32.0983224558472
136,407.411146556367,29.2324939103988,31.9515428078298
136.2,407.858674737637,29.0470483907363,31.6336793304952
136.4,408.307331105241,28.8057345423012,31.1677905448878
136.6,408.757205574374,28.5208191936225,30.5834630235927
136.8,409.20832322566,28.2131607630894,29.9213409213345
137,409.660655000552,27.9013631815453,29.219662851721
137.2,410.114131509611,27.5940432332345,28.5046382314784
137.4,410.568656957906,27.3062316847269,27.8060396139731
137.6,411.024121634179,27.0475541748821,27.1447221764223
137.8,411.48041166627,26.8170501314739,26.5276251162221
138,411.937415766485,26.6204515183906,25.9657133352551
138.2,412.395029636256,26.4585698203539,25.4627051790076
138.4,412.853158316314,26.3244421569883,25.0127570274112
138.6,413.31171702701,26.2170624575073,24.6148903272022
138.8,413.770631154974,26.134583213956,24.2664511440668
139,414.229835654482,26.0735704288109,23.9626686927824
139.2,414.689274094507,26.0302130843567,23.6981222309781
139.4,415.14889755025,25.9995169585577,23.4660888078622
139.6,415.60866344994,25.9780202403819,23.2614437484242
139.8,416.068534452561,25.9643941406965,23.0813578495616
140,416.528477380765,25.9569801898809,22.9228380947745
140.2,416.988462207458,25.9542472121033,22.7832386409751
140.4,417.448461101298,25.9549716274266,22.6604780098643
140.6,417.908447529417,25.9578454261179,22.5481981998314
140.8,418.368395569564,25.9601659930824,22.4525017013653
141,418.828278920712,25.9688463060467,22.3798641112841
141.2,419.288069823044,25.9799184443745,22.3194460539168
141.4,419.747738620227,25.9930106033113,22.2738784458059
141.6,420.207252991266,26.0090969571789,22.2459202084353
141.8,420.666577172901,26.0295219188746,22.2386556094455
142,421.125671197163,26.0558573712601,22.2557204408532
142.2,421.584490149955,26.0898170983799,22.3013549896899
142.4,422.04298347202,26.1316547966339,22.378838792361
142.6,422.501094355561,26.1840170569795,22.4944739327211
142.8,422.958759267915,26.250239222742,22.6558672417366
143,423.415907693441,26.3336262073076,22.8711647048693
143.2,423.872462250375,26.4376004542115,23.1490791746289
143.4,424.328339389442,26.5656534762007,23.4985645688129
143.6,424.783450956871,26.7197343428498,23.9266750128316
143.8,425.237707039579,26.8984868663952,24.4359245201181
144,425.691020503105,27.1057262874047,25.03183013644
144.2,426.143313312438,27.3424557368548,25.7136045229539
144.4,426.594524853918,27.6024608581689,26.4684875382892
144.6,427.044622094482,27.8771609729309,27.2758748279678
144.8,427.493610336897,28.1610778473572,28.1133174927089
145,427.941542664991,28.4416518256358,28.9475453613923
145.2,428.388526425586,28.7011209278711,29.7383107854463
145.4,428.834724750684,28.929958247231,30.4544766347053
145.6,429.280351741023,29.1169483285821,31.0657052505833
145.8,429.725661687279,29.2512996999451,31.5454664872014
146,430.170933354859,29.3239561261415,31.8727314384189
146.2,430.616451021288,29.3287551128417,32.0334213708706
146.4,431.062484469795,29.2656863954608,32.0242118238437
146.6,431.509270484865,29.135867461324,31.8478730977376
146.8,431.956998246938,28.9458573308507,31.5179274600447
147,432.405800571956,28.7072856612554,31.0577958247368
147.2,432.855751906976,28.4347238003475,30.4973390991647
147.4,433.306872541032,28.1433658917948,29.8687174290712
147.6,433.759137292935,27.8418802209253,29.1973679886715
147.8,434.212486396491,27.5466297939616,28.5150572171167
148,434.666836922661,27.2696296600332,27.8466508202977
148.2,435.1220929477,27.0123448350048,27.2035943724431
148.4,435.578153553474,26.7831011990392,26.601659564651
148.6,436.034918846447,26.5853048253053,26.0492360486866
148.8,436.492293919421,26.4139336859039,25.5442484768006
149,436.950191087335,26.270551729967,25.0898220316925
149.2,437.408531030778,26.1546222716467,24.6858147397315
149.4,437.867243075291,26.0631191768134,24.3287658854898
149.6,438.326264873726,25.9894575500873,24.0110765882094
149.8,438.785541745879,25.9320330038358,23.7299215516732
150,439.245025886255,25.8890920627468,23.482165117415
150.2,439.704675492227,25.8582404452224,23.2639744846591
150.4,440.164453865,25.837067756983,23.0715421246797
150.6,440.624328530247,25.8234086531364,22.9014134273562
150.8,441.084270399833,25.8154404579048,22.7506295743022
151,441.544252981798,25.8117066745237,22.6167821788231
151.2,442.004251637927,25.8111077176604,22.4980260302979
151.4,442.464242884263,25.8127797447449,22.3914368542953
151.6,442.924203819174,25.8131113358401,22.2910468328573
151.8,443.384111525774,25.8192268842175,22.2185683483295
152,443.843942007034,25.8281423970291,22.1559346441577
152.2,444.303669913356,25.8386280054483,22.1054628806232
152.4,444.763267983972,25.8513160359384,22.0694609487421
152.6,445.222706442281,25.8672527123026,22.0503334846876
152.8,445.681952402366,25.8876460198551,22.0508029911754
153,446.140969287539,25.9138702857641,22.074076102101
153.2,446.599716266294,25.947507378551,22.1239586759198
153.4,447.058147720365,25.9903822452799,22.2049395816387
153.6,447.516212772112,26.0445873849977,22.3222501861179
153.8,447.973854915851,26.1124937323714,22.4818906257756
154,448.431011822166,26.1961720901985,22.6900176392842
154.2,448.887615438944,26.295397720889,22.9508028082181
154.4,449.34359256695,26.414204557127,23.27290657225
154.6,449.798866004213,26.5563244731281,23.6644990852984
154.8,450.253356530712,26.7245886927737,24.1320962887108
155,450.706986037696,26.9191665997007,24.6780016657814
155.2,451.159682135238,27.1359181588256,25.2976134734481
155.4,451.611384378377,27.3760174364139,25.9882831321603
155.6,452.062051706476,27.6368630298237,26.739472336982
155.8,452.511670785826,27.9064493864895,27.5267912591452
156,452.960264447398,28.1769201372203,28.3262799420209
156.2,453.407898443656,28.4403497087422,29.1116663833314
156.4,453.854685115572,28.6839442259878,29.8511348147334
156.6,454.30078306324,28.8927829451736,30.5116084767931
156.8,454.746392098983,29.059988603223,31.0704411373942
157,455.191743564606,29.1778880671707,31.5070214857421
157.2,455.637087147777,29.2397982244857,31.8047941143678
157.4,456.082675499132,29.2412641419161,31.9527494868488
157.6,456.528748243273,29.1808254575228,31.9465852742544
157.8,456.975517188111,29.0605655144398,31.789691858791
158,457.423154521463,28.8863407000262,31.4935689842816
158.2,457.871785422773,28.6675021626909,31.0772050754647
158.4,458.321485778829,28.4153491793275,30.5645687368078
158.6,458.77228469468,28.1375087073156,29.977577070047
158.8,459.224170643186,27.8497126272191,29.3467033192609
159,459.677100039695,27.5659146472822,28.699584369371
159.2,460.131006460469,27.290317111895,28.0521633739679
159.4,460.585809066452,27.0318512249003,27.4230780792871
159.6,461.04141984846,26.7985625793105,26.8277936301788
159.8,461.497749280301,26.5882069518729,26.2692821687054
160,461.9547101979,26.4034593602228,25.7537942125013
160.2,462.412220400716,26.246561778666,25.2856869316471
160.4,462.870204174393,26.114847034944,24.8632164946911
160.6,463.328592909104,26.0032909999384,24.4814393281515
160.8,463.787325150952,25.9121195448356,24.1401780377736
161,464.246346344286,25.8397302876617,23.836999320012
161.2,464.705608323295,25.7836716301197,23.5683670251888
161.4,465.165068665786,25.7413126677227,23.330442338068
161.6,465.624689991628,25.7093866559141,23.1187026181851
161.8,466.084439250365,25.6847172003572,22.9287501878019
162,466.544287031084,25.6666427552496,22.7588398456792
162.2,467.00420691055,25.6541525058647,22.6069752505833
162.4,467.46417483211,25.646178268983,22.4712311925038
162.6,467.924168517971,25.6417825932235,22.3499646292359
162.8,468.384166914433,25.6402309784839,22.2419025663388
163,468.844149671919,25.6400954890362,22.1384637143144
163.2,469.30409680743,25.6400852777933,22.0547192890821
163.4,469.763987971106,25.6463037548902,21.9878670951595
163.6,470.223801859935,25.6547180022189,21.930537645266
163.8,470.683516000601,25.6649312949005,21.8847350095051
164,471.143106283528,25.6776102452734,21.8523746587399
164.2,471.602546498021,25.6936629244203,21.8354530078087
164.4,472.061807875866,25.7141115536296,21.8362265035314
164.6,472.520858642067,25.740110064695,21.8573373503638
164.8,472.979663575569,25.772674066022,21.9015883947062
165,473.438183594747,25.8116935371393,21.9709645382456
165.2,473.896375394076,25.8593910701733,22.0702001476388
165.4,474.354191132898,25.9181205736649,22.2045451567205
165.6,474.811578223416,25.9901881565205,22.3795781713887
165.8,475.268479285553,26.0779801330346,22.6012983024049
166,475.724832354181,26.1839753097433,22.8760386042638
166.2,476.180571455897,26.3105065758384,23.2100338081751
166.4,476.635627725676,26.4558937456858,23.6051508276931
166.6,477.089931320845,26.6226031689812,24.0666833550503
166.8,477.543414179333,26.813358993269,24.5988434741495
167,477.99601378668,27.0286809533342,25.201537777493
167.2,478.447678134604,27.2617947297269,25.8644402096874
167.4,478.898371879592,27.5100105526942,26.5779514705473
167.6,479.348083011643,27.7701505553919,27.3286132586895
167.8,479.796829348988,28.0325599893824,28.0934169855505
168,480.244664157451,28.2850259089672,28.8445960742885
168.2,480.691679644402,28.5214111621671,29.559861302298
168.4,481.138007236341,28.7329785538351,30.2148742483544
168.6,481.583814441275,28.9092069203916,30.7849709982909
168.8,482.029298296273,29.0398047272886,31.2477488396494
169,482.474675768943,29.1210835026614,31.5899827576444
169.2,482.920171970543,29.1493844305294,31.8010701816827
169.4,483.366007410043,29.1225423572102,31.8747440540233
169.6,483.812385516247,29.0408419725217,31.8103881525338
169.8,484.259481731272,28.9074774252591,31.6137859094136
170,484.7074353815,28.7282336671952,31.2967902043477
170.2,485.156345141971,28.5076203166956,30.8729545107714
170.4,485.606268293324,28.2574529840306,30.3655155437025
170.6,486.057223609907,27.9905695869067,29.7998098808761
170.8,486.509196910804,27.7175382668382,29.1988249559032
171,486.962147959347,27.4426694334107,28.5783231003672
171.2,487.416017607614,27.1778564850185,27.9603353848902
171.4,487.870734662338,26.9305947583654,27.3606014018284
171.6,488.326221667977,26.6998936109376,26.7844648274289
171.8,488.782399333647,26.4918070971008,26.2427815634254
172,489.239189904153,26.3093496121548,25.74183011516
172.2,489.696519420592,26.1479413839865,25.278975198832
172.4,490.1543190089,26.0081236291513,24.8558632936653
172.6,490.612525585094,25.8904963411947,24.4734587855488
172.8,491.071082095568,25.7936631915078,24.1301571762915
173,491.529937390406,25.7133583871865,23.821055938976
173.2,491.989045862942,25.6463419340698,23.5420655628201
173.4,492.448366985156,25.5922678168227,23.2919103331018
173.6,492.907864800245,25.5497433210868,23.06817593378
173.8,493.367507377063,25.5170517808337,22.8681063825646
174,493.827266259909,25.4924887056108,22.6889916106444
174.2,494.287115933805,25.4745067667033,22.5283478695731
174.4,494.747033314624,25.4617724178421,22.3839987999349
174.6,495.206997267309,25.4531812637244,22.2541077958212
174.8,495.666988152005,25.4478544053774,22.13718636852
175,496.12698739593,25.4451265711676,22.0320910730967
175.2,496.586977088199,25.4443542596621,21.9356847734052
175.4,497.046939680341,25.4418030948073,21.8424197498597
175.6,497.506857646998,25.4453636881105,21.7766664334196
175.8,497.966712708783,25.4520217862146,21.7178658489512
176,498.426485783005,25.4600590664519,21.6680199896944
176.2,498.886156668185,25.4698077995805,21.6289309537368
176.4,499.345703682845,25.4819986484636,21.6022585467153
176.6,499.805103313252,25.4974419435078,21.5897209432116
176.8,500.264464753067,25.5985005231772,21.646075532751
177,500.731408684469,25.9662298682484,21.8639328931612
177.2,501.204381596572,26.0582075952665,21.7230540099888
177.4,501.645232620899,26.199552334319,21.5637462112687
177.6,502.025236223874,26.4942607511078,21.5447538022714
177.8,502.330610560947,26.8092509907938,21.5484562933371
178,502.550071692412,27.0993121985799,21.531417370957
178.2,502.67353767675,27.3594489194151,21.4933187034072
178.4,502.693174953024,27.5793752608874,21.4287465558916
178.6,502.603460429783,27.7472061579586,21.3297896707159
178.8,502.401096023255,27.8534940578863,21.190429136147
179,502.085071833145,27.8913936426691,20.9915815064273
179.2,501.656624451946,27.8533969411741,20.7074219097228
179.4,501.118985775335,27.7341020558691,20.3373350954962
179.6,500.477570556958,27.5281268951221,19.8813312252209
179.8,499.740029170492,27.2323407249043,19.340454461465
180,498.916219828089,26.8428514656985,18.7135223428241
180.2,498.018176046197,26.3564775954412,17.9993642526322
180.4,497.060088465286,25.7703680721032,17.1967171502271
180.6,496.058290574108,25.0819765095719,16.3044074860323
180.8,495.031250629909,24.2880766126887,15.3202981860065
181,493.999575228033,23.3849946243586,14.2416728833491
181.2,492.986031102332,22.3686946847026,13.065470277433
181.4,492.014653851712,21.2535026303836,11.8016611520616
181.6,491.082965039106,20.3130647082553,10.6943083429723
181.8,490.162013895544,19.6502330599583,9.86806306657137
182,489.229804655347,19.2009791972771,9.26736404263097
182.2,488.270358259506,18.9113306613092,8.84259748641263
182.4,487.271954397999,18.7419669201372,8.55699743432212
182.6,486.228342936807,18.8486472598131,8.60877850752335
182.8,485.14285836462,19.0963265421724,8.8390776716814
183,484.020689967605,19.3378904570373,9.07010347444977
183.2,482.866504174244,19.550495482452,9.27338129860622
183.4,481.684350558978,19.7339802429041,9.44767123174406
183.6,480.477708654022,19.8918132397305,9.59622988470692
183.8,479.249556147269,20.0276250538748,9.72265555589724
184,478.002435674457,20.1447894935371,9.83036250678758
184.2,476.738545970542,20.2466361300774,9.92284234756658
184.4,475.459794284299,20.3346179894466,10.0014369694356
184.6,474.167797164192,20.4105738259739,10.0679714776574
184.8,472.863918069364,20.4763147676894,10.1242858392193
185,471.549304643771,20.5334237859679,10.1719968867213
185.2,470.224921276067,20.5832497693384,10.2124851450417
185.4,468.891577057494,20.6269349067253,10.2469209245821
185.6,467.54994964871,20.6654444308229,10.2762940199471
185.8,466.200605593373,20.6995932629962,10.301440606756
186,464.844017571537,20.7300689844169,10.3230665447141
186.2,463.480579029745,20.7574514443204,10.3417673330721
186.4,462.110616569825,20.7822294370213,10.3580451235993
186.6,460.734400427841,20.8048148570598,10.3723231877008
186.8,459.352153329154,20.8255546959141,10.384958195259
187,457.964058049283,20.8447571144232,10.3962685708033
187.2,456.570272305541,20.862892552117,10.406765783823
187.4,455.170941259274,20.8798989457791,10.4163697294608
187.6,453.766185388421,20.8958322929032,10.4251266135612
187.8,452.356101273025,20.9108398919597,10.433185363938
188,450.940765053197,20.925066330052,10.440694102765
188.2,449.520235658802,20.9386371429711,10.4477818917425
188.4,448.09455758478,20.9516583651262,10.4545579350055
188.6,446.663763229866,20.9642189540988,10.4611139785963
188.8,445.227874857537,20.976393413155,10.4675269714388
189,443.786906237865,20.9882441123742,10.4738614341577
189.2,442.340864021482,20.9998232586553,10.4801714743102
189.4,440.889748889012,21.0111745507571,10.4865024817224
189.6,439.433556512443,21.0223345661086,10.4928925503673
189.8,437.972278358999,21.0333339220224,10.4993736697198
190,436.505902363147,21.0441982477774,10.5059727225366
190.2,435.03441348822,21.054948998287,10.5127123203063
190.4,433.557794195608,21.065604135118,10.5196115026598
190.6,432.076024836614,21.0761786964559,10.5266863228191
190.8,430.589083979553,21.0866852741017,10.5339503376076
191,429.096948682663,21.0971344126501,10.5414150175551
191.2,427.599594721659,21.1075349435313,10.5490900901148
191.4,426.096996779325,21.1178942645361,10.5569838268978
191.6,424.58912860333,21.1282185737149,10.5651032840589
191.8,423.07596313745,21.1385130650931,10.5734545034823
192,421.557472716706,21.1487963268904,10.582057272216
192.2,420.033636793104,21.1592464397825,10.591095078994
192.4,418.504448282459,21.1696495717838,10.6003499589884
192.6,416.969899538321,21.1799094458142,10.609723754654
192.8,415.429979586789,21.1900249669362,10.619215618488
193,413.884674218433,21.2000135905447,10.6288437729028
193.2,412.333966401508,21.2098941110622,10.6386279341893
193.4,410.777836703445,21.2196831648217,10.6485857176137
193.6,409.216263659104,21.2293948332257,10.6587322071741
193.8,407.649224080721,21.2390408950924,10.6690801944322
194,406.076693316057,21.2486311714614,10.6796405180601
194.2,404.498645462651,21.2581738436836,10.690422380778
194.4,402.915053545309,21.2676757253395,10.7014336222576
194.6,401.325889662943,21.277142490221,10.7126809491433
194.8,399.731125109829,21.2865788624858,10.7241701276909
195,398.130730475578,21.29598877504,10.7359061447413
195.2,396.524675727334,21.3053755014097,10.747893342113
195.4,394.91293027717,21.3147417655287,10.7601355287598
195.6,393.295463037135,21.3240898331372,10.7726360743593
195.8,391.672242463999,21.3334215878686,10.7853979874114
196,390.043236595401,21.342738594587,10.7984239804229
196.2,388.408413078812,21.3520421521067,10.8117165243346
196.4,386.767739194507,21.3613333370709,10.8252778939894
196.6,385.121181898635,21.370617369401,10.8391142057294
196.8,383.468713741888,21.3800366733832,10.853355178768
197,381.810320952035,21.3894271731301,10.8678430218279
197.2,380.145990242997,21.3986888095746,10.8824852312206
197.4,378.475705335006,21.4078160877847,10.8972789975044
197.6,376.799446896709,21.4168236440401,10.9122405131806
197.8,375.117192887558,21.4257283549007,10.9273880109706
198,373.428918937375,21.4345453753747,10.9427380145513
198.2,371.734598683806,21.4432875473679,10.9583047855799
198.4,370.034204056747,21.4519655753247,10.9741005004973
198.6,368.327705514324,21.460588336264,10.99013555658
198.8,366.615072237536,21.4691631773058,11.0064188667335
199,364.896272290325,21.4776961722788,11.0229581151227
199.2,363.171272750857,21.486192336897,11.0397599726007
199.4,361.44003981887,21.4946558077505,11.0568302766734
199.6,359.702538903149,21.5030899908464,11.074174181406
199.8,357.95873469246,21.511497684794,11.0917962821707
200,356.20859121274,21.5198811829341,11.1097007194378
200.2,354.452071872845,21.5282423580012,11.1278912651458
200.4,352.689139500764,21.5365827322939,11.1463713946105
200.6,350.919756371889,21.5449035358235,11.165144346435
200.8,349.143884387062,21.5532183980846,11.1842234162825
201,347.361492294741,21.5615942160232,11.2036574685981
201.2,345.572558660452,21.5698920840047,11.2233236102575
201.4,343.777060848021,21.5780652452472,11.2431849443249
201.6,341.97497336614,21.5861174113917,11.263249027704
201.8,340.166267963784,21.594062453624,11.2835321756378
202,338.350913943717,21.6019145635788,11.304050787716
202.2,336.528878480081,21.6096861314723,11.3248195048162
202.4,334.700126894311,21.617387528852,11.3458510497155
202.6,332.864622885036,21.6250273212233,11.3671564463832
202.8,331.022328716927,21.6326125437129,11.3887452927991
203,329.173205374805,21.6401489543155,11.4106260111521
203.2,327.317212688733,21.6476412496455,11.432806061874
203.4,325.454309435014,21.655093244877,11.4552921230762
203.6,323.584453417172,21.6625080228551,11.4780902400522
203.8,321.7076015303,21.6698880574046,11.501205949622
204,319.823709811575,21.6772353152203,11.5246443835413
204.2,317.932733479263,21.6845513400178,11.5484103545561
204.4,316.034626962105,21.6918373220029,11.5725084281008
204.6,314.129344032059,21.6990958458276,11.5969435288164
204.8,312.216843093239,21.7063144578311,11.6216972263028
205,310.297088993756,21.7134352978267,11.6467234536591
205.2,308.370044937108,21.7204480419153,11.6720197404433
205.4,306.435671663822,21.7273604792928,11.6975983936493
205.6,304.493927623888,21.7341831111056,11.7234737608587
205.8,302.544769210734,21.7409255522245,11.7496592945639
206,300.588150975064,21.7475958859684,11.77616706227
